PuzzleId,FEN,Moves,Rating,RatingDeviation,Popularity,NbPlays,Themes,GameUrl,OpeningTags
001KR,6Qk/p1p3pp/4N3/1p6/2q1r1n1/2B5/PP4PP/3R1R1K b - - 0 28,h8g8 f1f8,642,82,100,167,mate mateIn1 middlegame oneMove,https://lichess.org/TaT1Zl7z/black#56,
002GQ,5rk1/5ppp/4p3/4N3/8/1Pn5/5PPP/5RK1 w - - 0 28,f1c1 c3e2 g1f1 e2c1,654,81,73,134,crushing endgame fork short,https://lichess.org/2K7g2pDT#55,
005N7,r6k/2q3pp/8/2p1n3/R1Qp4/7P/2PB1PP1/6K1 b - - 0 32,e5c4 a4a8 c7b8 a8b8,651,102,95,1918,backRankMate endgame hangingPiece mate mateIn2 short,https://lichess.org/jxZhmGhg/black#64,
00656,7r/ppp2kp1/2nb1pp1/3p3r/3P2q1/2PQB2P/PP3PP1/R3R1K1 w - - 0 18,h3g4 h5h1,688,91,97,202,mate mateIn1 middlegame oneMove,https://lichess.org/V9os02rv#35,Scandinavian_Defense Scandinavian_Defense_Modern_Variation
007XE,2kr3r/p1p1bpp1/2p2n1p/8/8/1P6/P1P1RPPP/RNB3K1 w - - 1 16,e2e7 d8d1 e7e1 d1e1,628,93,79,82,backRankMate fork mate mateIn2 middlegame short,https://lichess.org/f4f7UwiT#31,Kings_Pawn_Game Kings_Pawn_Game_Leonardis_Variation
007c6,2kr3r/pp1n2pp/2QB1bp1/5q2/2B5/8/PPP2PPP/3R1RK1 b - - 0 17,b7c6 c4a6,721,80,56,163,bodenMate mate mateIn1 middlegame oneMove,https://lichess.org/vqwzqZHC/black#34,Elephant_Gambit Elephant_Gambit_Other_variations
007fJ,8/1P3ppp/8/8/8/2pk3P/3p2P1/3K4 w - - 0 52,b7b8q c3c2,644,99,89,637,advancedPawn endgame mate mateIn1 oneMove queenEndgame,https://lichess.org/34ezZi7R#103,
007mr,5k2/p2r3p/1p4pP/3r1q2/3Rp3/2P5/PP3PQ1/K3R3 w - - 0 33,d4e4 d5d1 e1d1 d7d1,750,77,100,168,backRankMate endgame mate mateIn2 short,https://lichess.org/J12UnEgz#65,
008P4,8/4k3/1p1p4/rP2p1p1/P2nP1P1/3BK3/8/R7 w - - 0 35,e3d2 d4b3 d2c3 b3a1,694,97,95,1684,crushing endgame fork short,https://lichess.org/3GoHPRp3#69,
009L0,6k1/pb2r1pN/1n4Bp/3p4/1P2pR2/P7/3R1PPP/2r3K1 w - - 2 30,d2d1 c1d1,706,146,18,26,backRankMate hangingPiece mate mateIn1 middlegame oneMove,https://lichess.org/SAhQtou2#59,
009YT,rqnr2k1/5ppp/p2p4/4Q3/8/1P5P/PBP2PP1/R2R2K1 b - - 2 23,d6e5 d1d8,687,91,73,48,backRankMate hangingPiece mate mateIn1 middlegame oneMove,https://lichess.org/EwnhF9QF/black#46,
009bn,2kr2r1/ppb2ppp/3qbn2/2Np2B1/P7/2P2Q1P/1PB2PP1/R4RK1 w - - 5 18,c5e6 d6h2,610,81,100,380,mate mateIn1 middlegame oneMove,https://lichess.org/Zw4AxPzS#35,Caro-Kann_Defense Caro-Kann_Defense_Exchange_Variation
009fH,rn2kb1r/pp2pppp/2p2n2/8/3q2b1/1Q6/PPP2PPP/RNB1KBNR w KQkq - 0 7,b3b7 d4d1,759,87,91,166,mate mateIn1 oneMove opening,https://lichess.org/bFNxjeFg#13,Caro-Kann_Defense Caro-Kann_Defense_Other_variations
009tE,6k1/6pp/p1N2p2/1pP2bP1/5P2/8/PPP5/3K4 b - - 1 28,f6g5 c6e7 g8f7 e7f5,647,90,89,827,crushing endgame fork short,https://lichess.org/fUV1iXBx/black#56,
00A9Q,2rq1rk1/1p3p1p/p1pn2p1/P2p4/1P1PnP2/3NP3/5PBP/R1Q3RK w - - 2 22,d3c5 e4f2,717,90,100,353,kingsideAttack master mate mateIn1 middlegame oneMove smotheredMate,https://lichess.org/Eek8XUCN#43,
00BQD,4r3/3R1pkp/6p1/1P6/1b6/5B2/1P1p1PPP/3R2K1 w - - 0 36,d1d2 e8e1,717,100,97,335,backRankMate endgame mate mateIn1 oneMove,https://lichess.org/ckr8Ti7I#71,
00Bn4,1k6/pp6/4nNp1/P6p/3pr3/7P/3R1PPK/8 b - - 0 40,e4e5 f6d7 b8c7 d7e5,689,101,85,723,crushing endgame fork short,https://lichess.org/jvMUtZF5/black#80,
00Bot,8/5p2/p3kP2/8/5r2/R1P5/4P3/4K3 b - - 2 52,f4f6 a3a6 e6e5 a6f6,733,77,100,204,crushing endgame rookEndgame short,https://lichess.org/FWA12ElZ/black#104,
00C7m,8/5k2/1P4R1/6PK/1r6/8/8/8 w - - 1 58,h5h6 b4h4,745,119,67,62,endgame mate mateIn1 oneMove rookEndgame,https://lichess.org/ZbuTrTYp#115,
00CYP,3rk2r/p1p2pp1/1p6/2pQ1b2/2Pn1P2/8/PP1P1KBq/R1B1R3 b - - 3 25,e8f8 d5d8,738,77,100,211,hangingPiece mate mateIn1 middlegame oneMove,https://lichess.org/LywFPEls/black#50,
00CpR,4r1k1/B7/2p2pK1/3n3p/8/1Q3PP1/P6r/8 b - - 0 31,e8e5 b3b8 e5e8 b8e8,632,89,85,318,endgame mate mateIn2 short,https://lichess.org/tX2xyrPX/black#62,
00DAs,r5nr/ppp3p1/3bBk1p/4nP2/3p4/8/PPPN1P1P/R1B1K2R b KQ - 1 15,g8e7 d2e4,677,79,100,234,mate mateIn1 middlegame oneMove,https://lichess.org/FKD6drCM/black#30,Scotch_Game Scotch_Game_Other_variations
000o3,8/2p1k3/6p1/1p1P1p2/1P3P2/3K2Pp/7P/8 b - - 1 43,e7d6 d3d4 g6g5 f4g5,944,78,87,189,crushing endgame pawnEndgame short zugzwang,https://lichess.org/BAY91mF3/black#86,
001gi,r6r/1pNk1ppp/2np4/b3p3/4P1b1/N1Q5/P4PPP/R3KB1R w KQ - 3 18,c7a8 a5c3,819,119,69,268,bodenMate hangingPiece mate mateIn1 middlegame oneMove,https://lichess.org/1sV2Hr22#35,Sicilian_Defense Sicilian_Defense_Other_variations
001pC,r4rk1/pp3ppp/3b4/2p1pPB1/7N/2PP3n/PP4PP/R2Q1RqK w - - 5 18,f1g1 h3f2,870,76,91,433,mate mateIn1 middlegame oneMove smotheredMate,https://lichess.org/d04UP3XD#35,Sicilian_Defense Sicilian_Defense_McDonnell_Attack
002CP,r5k1/pp4pp/4p1q1/4p3/3n4/P5P1/1PP2Q1P/2KR1R2 w - - 4 24,f2e3 g6c2,925,84,69,90,endgame mate mateIn1 oneMove queensideAttack,https://lichess.org/pHZnIFdb#47,
002Mm,rn1qr1k1/ppp3pQ/3p1pP1/3Pp3/2P1P3/8/PP3PP1/R1B1K3 b Q - 2 16,g8f8 h7h8 f8e7 h8g7,939,81,97,236,deflection mate mateIn2 middlegame short,https://lichess.org/wAkPv4uG/black#32,Three_Knights_Opening Three_Knights_Opening_Other_variations
002Q2,7k/p4R1p/3p3r/2pN1n2/2PbBBb1/3P2P1/P3r3/5R1K w - - 1 28,f4h6 f5g3,954,75,100,378,cornerMate mate mateIn1 middlegame oneMove,https://lichess.org/yqAJ1jMv#55,
002p5,r1bqr1k1/pp1nbpp1/2p2n2/6P1/2BP4/P7/1PQNNPP1/R3K2R b KQ - 0 13,f6d5 c2h7 g8f8 h7h8,908,79,84,182,kingsideAttack mate mateIn2 middlegame short,https://lichess.org/meSoQkhU/black#26,French_Defense French_Defense_Exchange_Variation
003Jb,6k1/3bqr1p/2rpp1pR/p7/Pp1QP3/1B3P2/1PP3P1/2KR4 w - - 6 22,d4a7 e7g5 c1b1 g5h6,993,81,90,392,advantage fork master middlegame short,https://lichess.org/8RvK0idj#43,
004WZ,r6k/1b3pp1/p1q1pn1p/2p5/P1B5/1PN4Q/2P1RP1P/R4Kr1 w - - 2 26,f1g1 c6h1,874,97,94,132,mate mateIn1 middlegame oneMove,https://lichess.org/BQIdXPOM#51,
004XI,8/3kqp2/4p3/p2p4/3P1P2/4P1rP/7r/1QR2K2 b - - 1 34,e7a3 b1b7 d7e8 c1c8,982,90,70,35,endgame mate mateIn2 short,https://lichess.org/54fnArpo/black#68,
004nd,3q2k1/2r5/pp3p1Q/2b1n3/P3N3/2P5/1P4PP/R6K b - - 0 24,c7d7 e4f6 d8f6 h6f6,898,75,83,209,crushing fork middlegame short,https://lichess.org/IajkZZBp/black#48,
004yJ,r4rk1/1bp2ppp/p1q1pn2/2P5/8/3B1N2/P1P1QPPP/R4RK1 w - - 0 16,f3e5 c6g2,906,87,100,81,kingsideAttack mate mateIn1 middlegame oneMove,https://lichess.org/8N3Hfj05#31,French_Defense French_Defense_Exchange_Variation
005Ep,5kr1/ppR3p1/3R3p/8/1r1n4/8/1P3PPP/2K5 b - - 4 31,d4b5 d6d8,805,81,100,345,endgame mate mateIn1 oneMove,https://lichess.org/ttFEoJfQ/black#62,
005x9,r1b1kb1Q/ppp4p/6pB/3P4/2pn4/8/PPP1qPPP/RN1K3R w q - 2 13,d1c1 e2c2,818,80,100,241,mate mateIn1 middlegame oneMove queensideAttack,https://lichess.org/TiwHxq8n#25,Italian_Game Italian_Game_Rousseau_Gambit
0061g,6k1/pp3pp1/2p1q1Pp/3b4/8/6Q1/PB3Pp1/3RrNK1 b - - 2 27,e1d1 g3b8 e6e8 b8e8,801,93,73,269,endgame mate mateIn2 short,https://lichess.org/dJ3xEKJK/black#54,
006OI,8/p7/5k2/P5R1/6KP/8/8/5r2 w - - 5 53,g5g8 f1g1 g4f4 g1g8,843,97,76,263,crushing endgame rookEndgame short skewer,https://lichess.org/6AH1H5wg#105,
006yP,6R1/8/Kpk1p3/1p1pP3/6P1/PPP1r3/8/8 b - - 3 40,e3c3 g8c8 c6d7 c8c3,819,89,80,152,crushing endgame master rookEndgame short skewer,https://lichess.org/vf9MOLH1/black#80,
007Rn,4r1k1/p4p1p/1p6/6q1/3P2n1/P4Q2/1P1B2P1/7K w - - 0 34,d2g5 e8e1 f3f1 e1f1,990,83,75,77,endgame mate mateIn2 short,https://lichess.org/L9kH7FqT#67,
007bH,r2q1rk1/2p2ppn/2pbp2p/p2p4/P4PQ1/1P1PP3/1BPN2PP/4RR1K b - - 4 15,f7f5 g4g7,963,101,87,25,kingsideAttack mate mateIn1 middlegame oneMove,https://lichess.org/Hoq46gJU/black#30,Bird_Opening Bird_Opening_Dutch_Variation
0082f,r4rk1/2q2ppp/3pp3/4Pb1N/pp6/1B4Q1/PPP3PP/1K1RR3 b - - 0 21,a4b3 g3g7,863,77,100,502,kingsideAttack mate mateIn1 middlegame oneMove,https://lichess.org/fHfmODEz/black#42,
008aL,7k/6p1/1r5p/5p2/P2Rp3/4P3/5PPP/6K1 w - - 0 39,a4a5 b6b1 d4d1 b1d1,849,119,100,30,backRankMate endgame mate mateIn2 rookEndgame short,https://lichess.org/j2ECU5ud#77,
008cl,r3k2r/ppp2p1p/2n1pp2/7q/2PN2b1/2BP1Pb1/PP2B1P1/R2Q1RK1 w kq - 1 16,f3g4 h5h2,886,79,100,439,mate mateIn1 middlegame oneMove,https://lichess.org/K27KSt2D#31,Scandinavian_Defense Scandinavian_Defense_Mieses-Kotroc_Variation
0009B,r2qr1k1/b1p2ppp/pp4n1/P1P1p3/4P1n1/B2P2Pb/3NBP1P/RN1QR1K1 b - - 1 16,b6c5 e2g4 h3g4 d1g4,1084,74,88,606,advantage middlegame short,https://lichess.org/4MWQCxQ6/black#32,Kings_Pawn_Game Kings_Pawn_Game_Leonardis_Variation
000rO,3R4/8/K7/pB2b3/1p6/1P2k3/3p4/8 w - - 4 58,a6a5 e5c7 a5b4 c7d8,1110,82,85,73,crushing endgame fork master short,https://lichess.org/tzeeBEc2#115,
001Wz,4r1k1/5ppp/r1p5/p1n1RP2/8/2P2N1P/2P3P1/3R2K1 b - - 0 21,e8e5 d1d8 e5e8 d8e8,1118,82,89,85,backRankMate endgame mate mateIn2 short,https://lichess.org/84RH3LaP/black#42,
001om,5r1k/pp4pp/5p2/1BbQp1r1/6K1/7P/1PP3P1/3R3R w - - 2 26,g4h4 c5f2 g2g3 f2g3,1018,80,89,226,mate mateIn2 middlegame morphysMate short,https://lichess.org/VWOIWtIh#51,
001w5,1rb2rk1/q5P1/4p2p/3p3p/3P1P2/2P5/2QK3P/3R2R1 b - - 0 29,f8f7 c2h7 g8h7 g7g8q,1034,83,85,220,advancedPawn attraction mate mateIn2 middlegame promotion short,https://lichess.org/0e1vxAEn/black#58,
001wR,6nr/pp3p1p/k1p5/8/1QN5/2P1P3/4KPqP/8 b - - 5 26,b7b5 b4a5 a6b7 c4d6 b7b8 a5d8,1152,85,93,2627,endgame long mate mateIn3,https://lichess.org/ruvbd9JW/black#52,
001wb,r3k2r/pb1p1ppp/1b4q1/1Q2P3/8/2NP1Pn1/PP4PP/R1B2R1K w kq - 1 17,h2g3 g6h5,1106,76,95,266,mate mateIn1 middlegame oneMove,https://lichess.org/hNzYRMWP#33,Ruy_Lopez Ruy_Lopez_Bird_Variation
001wr,r4rk1/p3ppbp/Pp1q1np1/3PpbB1/2B5/2N5/1PPQ1PPP/3RR1K1 w - - 4 18,f2f3 d6c5 g1h1 c5c4,1013,77,97,2406,advantage fork master masterVsMaster middlegame short,https://lichess.org/KnJ2mojX#35,Pirc_Defense Pirc_Defense_Classical_Variation
001xl,8/4R1k1/p5pp/3B4/5q2/8/5P1P/6K1 b - - 5 40,g7f6 e7f7 f6e5 f7f4,1095,82,94,11812,advantage endgame master masterVsMaster short skewer superGM,https://lichess.org/bEQkfPQD/black#80,
002HE,1qr2rk1/1p1p1ppp/pB2p1n1/7n/2P1P3/1Q2NP1P/PP2B1Pb/3R1RK1 w - - 1 20,g1f2 b8g3,1116,77,94,506,master mate mateIn1 middlegame oneMove,https://lichess.org/U21EXYdv#39,
002O7,r3qrk1/2p2pp1/p2bpn1p/2ppNb2/3P1P2/1PP1P1B1/P2N2PP/R2Q1RK1 b - - 0 14,f5g4 e5g4 f6g4 d1g4,1010,96,91,356,crushing middlegame short,https://lichess.org/dFEPPiEc/black#28,Queens_Pawn_Game Queens_Pawn_Game_Accelerated_London_System
002bK,8/7p/2b1k3/p2p1pPB/1n1P3P/N1p1P3/4K3/8 b - - 1 42,c6b5 a3b5 c3c2 e2d2,1129,84,93,820,advantage endgame hangingPiece short,https://lichess.org/IFGj8W5s/black#84,
0039T,1r5r/p3kp2/4p2p/4P3/3R1Pp1/6P1/P1P4P/4K2R w K - 1 25,d4a4 b8b1 e1f2 b1h1 a4a7 e7f8,1071,89,93,826,crushing defensiveMove endgame long rookEndgame skewer,https://lichess.org/BrtVeJlj#49,
003AX,2r2rk1/5ppp/bq2p3/p1ppP1N1/Pb1P2P1/1P2P2P/2QN4/2R1K2R b K - 1 18,c5d4 c2h7,1053,76,94,665,kingsideAttack mate mateIn1 middlegame oneMove,https://lichess.org/kRgejRSt/black#36,French_Defense French_Defense_Advance_Variation
003IM,8/5kp1/p3pb2/8/6Pp/1P4qP/P2RQ3/7K w - - 2 34,e2g2 g3e1 g2g1 e1d2,1096,81,62,55,crushing deflection endgame master short,https://lichess.org/7CNJ1GaI#67,
003YF,r4rk1/1pp2ppp/p2p4/2bPp3/2P1Pn1q/P1N2B2/1P3P2/R1BQK1R1 w Q - 1 15,c1f4 h4f2,1062,87,79,81,attackingF2F7 mate mateIn1 middlegame oneMove,https://lichess.org/5DK4vDDB#29,Mexican_Defense Mexican_Defense_Other_variations
003eP,8/r1b1q2k/2p3p1/2Pp4/1P2p1n1/2B1P3/NQ6/2K4R b - - 1 36,h7g8 h1h8 g8f7 h8h7 f7e8 h7e7,1156,79,88,1756,crushing exposedKing long middlegame skewer,https://lichess.org/n9vCFmKh/black#72,
003jH,rn3rk1/p5pp/3N4/4np1q/5Q2/1P3K2/PB1P2P1/2R4R w - - 0 25,f3f2 e5d3 f2e3 d3f4 h1h5 f4h5,1065,80,89,320,crushing fork long middlegame,https://lichess.org/3CQGofXT#49,
003jb,r3kb1r/p4ppp/b1p1p3/3q4/3Q4/4BN2/PPP2PPP/R3K2R b KQkq - 0 11,c6c5 d4a4 a6b5 a4b5,1000,76,95,2663,crushing fork master middlegame short,https://lichess.org/960EzUS0/black#22,French_Defense French_Defense_Classical_Variation
003jv,1R6/1p2k2p/p2n2p1/4K3/8/6P1/P6P/8 w - - 10 37,b8h8 d6f7 e5e4 f7h8,1007,84,89,340,crushing endgame fork short,https://lichess.org/n0UvwK36#73,
003o0,r1bqk2r/pp1nbppp/3p4/1B1p4/3P1B2/8/PPP2PPP/R2QK1NR w KQkq - 2 9,g1f3 d8a5 d1d2 a5b5,1002,84,90,681,advantage fork master opening short,https://lichess.org/Ae0t9V1Z#17,Czech_Defense Czech_Defense_Other_variations
003r5,r2qr1k1/ppp2ppp/4b3/3P4/1nP2Q2/2N2N1P/PP3KP1/R4R2 w - - 1 15,d5e6 b4d3 f2g1 d3f4,1107,79,88,860,crushing fork middlegame short,https://lichess.org/JPN97v7j#29,Kings_Gambit_Accepted Kings_Gambit_Accepted_Abbazia_Defense
0008Q,8/4R3/1p2P3/p4r2/P6p/1P3Pk1/4K3/8 w - - 1 64,e7f7 f5e5 e2f1 e5e6,1385,80,92,765,advantage endgame rookEndgame short,https://lichess.org/MQSyb3KW#127,
000Zo,4r3/1k6/pp3r2/1b2P2p/3R1p2/P1R2P2/1P4PP/6K1 w - - 0 35,e5f6 e8e1 g1f2 e1f1,1364,75,86,653,endgame mate mateIn2 operaMate short,https://lichess.org/n8Ff742v#69,
000lC,3r3r/pQNk1ppp/1qnb1n2/1B6/8/8/PPP3PP/3R1R1K w - - 5 19,d1d6 d7d6 b7b6 a7b6,1374,76,94,4621,advantage hangingPiece middlegame short,https://lichess.org/vaqz2bx6#37,
0017R,r2qk2r/pp2ppbp/1n1p2p1/3Pn3/2P5/2NBBP1P/PP3P2/R2QK2R b KQkq - 0 12,e5c4 d3c4 b6c4 d1a4 d8d7 a4c4,1397,75,96,5384,advantage fork long middlegame,https://lichess.org/ol84k0z4/black#24,Alekhine_Defense Alekhine_Defense_Other_variations
002IE,r3brk1/5pp1/p1nqpn1p/P2pN3/2pP4/2P1PN2/5PPP/RB1QK2R b KQ - 4 16,c6e5 d4e5 d6e7 e5f6,1205,85,74,37,advantage fork middlegame short,https://lichess.org/fDwvVUIp/black#32,Queens_Pawn_Game Queens_Pawn_Game_Accelerated_London_System
002Z9,4r1k1/1p2R1p1/p2p2Pp/P1pP4/5q2/1R3p2/1P1Q3P/5B1K b - - 0 34,f4d2 e7e8,1231,99,69,52,endgame hangingPiece master mate mateIn1 oneMove,https://lichess.org/Ek4aENjD/black#68,
003S3,r4k1r/pNqnppb1/6pn/2p3Np/7P/2P2Q2/PP3PP1/R1B1K2R b KQ - 2 15,a8b8 g5e6 f8g8 e6c7,1330,74,95,14172,advantage middlegame pin short,https://lichess.org/Eu6S0GPA/black#30,Modern_Defense Modern_Defense_Other_variations
003mh,r4k1r/1pp2p2/p2p3p/3N4/3P2q1/8/PPP5/1K2Q1NR b - - 1 23,a8e8 e1e8 f8e8 d5f6 e8e7 f6g4,1338,76,86,452,advantage attraction fork long middlegame sacrifice,https://lichess.org/HSa4keKZ/black#46,
003nQ,6rk/pp6/2n5/3ppn1p/3p4/2P2P1q/PP3QNB/R4R1K w - - 2 29,f1g1 f5g3 f2g3 g8g3,1287,87,67,32,crushing kingsideAttack master middlegame pin short,https://lichess.org/p85fiZcl#57,
0040n,r7/p2k1pp1/p1p1pn2/3p4/3P4/P3PQp1/1PP2P1q/2K4R w - - 0 20,h1h2 g3h2 f3h3 f6g4,1297,75,98,2049,advancedPawn advantage endgame short,https://lichess.org/WIUWcrdG#39,
004JD,3r4/R7/2p5/p1P2p2/1p4k1/nP6/P2KNP2/8 w - - 3 41,d2e3 a3c2,1297,82,91,2788,cornerMate endgame mate mateIn1 oneMove,https://lichess.org/6vTeEc3x#81,
004kB,4rr1k/pQpn2pp/3p1q2/8/8/2P5/PP3PPP/RN3RK1 w - - 1 16,b7c7 f6f2 f1f2 e8e1 f2f1 e1f1,1209,76,60,195,kingsideAttack long mate mateIn3 middlegame sacrifice,https://lichess.org/Cl9T6bjt#31,Ruy_Lopez Ruy_Lopez_Steinitz_Defense
004mT,5Q2/8/1b1kp1p1/5p2/3p4/5qPK/7P/8 b - - 1 51,d6c6 f8a8 c6d6 a8f3,1374,74,98,8814,advantage endgame short skewer,https://lichess.org/Jqhi4ozb/black#102,
004u0,6k1/ppq3pp/2p1rp2/4r3/4p1Q1/P5RP/1P3PP1/3R2K1 b - - 3 34,e6e8 d1d7 c7d7 g4d7,1326,77,91,1033,advantage endgame short,https://lichess.org/3gEqoQeQ/black#68,
005Bm,4rk2/p1q5/1p3Q1b/8/1p5N/2P1p3/P3P3/2K5 b - - 0 43,c7f7 h4g6 f8g8 f6h8,1260,75,96,5764,endgame mate mateIn2 pin short,https://lichess.org/KKslCMev/black#86,
005jJ,r1b1qrk1/pp1n1pbp/2pp1np1/4p3/2PP1B2/2NBPN1P/PP3PP1/R2Q1RK1 w - - 0 10,d4e5 d6e5 f4h2 e5e4,1215,82,70,37,advantage opening short,https://lichess.org/wt6Q2xGb#19,Queens_Pawn_Game Queens_Pawn_Game_Other_variations
005wJ,r3kb1r/ppqn1ppp/4pn2/1Q2Nb2/3P4/8/PP2PPPP/RNB1KB1R w KQkq - 4 9,e5d7 c7c1,1371,78,80,1230,hangingPiece mate mateIn1 oneMove opening,https://lichess.org/2mU9GJhQ#17,Queens_Pawn_Game Queens_Pawn_Game_Zukertort_Variation
006cZ,3r1rk1/1p4p1/p1p3Qp/2q5/8/3n1N1P/PP1R2P1/5R1K b - - 7 28,g8h8 d2d3 d8d3 g6d3,1376,75,88,650,advantage master masterVsMaster middlegame short,https://lichess.org/qrbDEp56/black#56,
007OE,8/pkp5/2p1p3/3p4/N2q4/1n4Q1/PPP3Pr/K2R4 w - - 2 29,a2b3 d4d1 a1a2 h2h1 a4c5 b7b6,1284,76,54,167,advantage endgame hangingPiece long quietMove,https://lichess.org/1c7uOUzp#57,
007eS,6k1/p4p2/1p5p/4r3/P3B3/1P3P2/2PK2PP/8 w - - 0 29,d2e3 f7f5 g2g4 f5e4,1229,75,95,13466,advantage endgame short,https://lichess.org/8qs8bafy#57,
009FP,r1b1k1nr/ppp2pbp/3ppqp1/8/2BnP3/N2P2QP/PPP2PP1/R1B1K2R b KQkq - 4 9,e6e5 c1g5 f6g5 g3g5,1357,74,97,3139,advantage opening short trappedPiece,https://lichess.org/2ndCtdd9/black#18,Pirc_Defense Pirc_Defense_Other_variations
009J1,rn2k2r/pp2bp1p/2p1pNp1/6B1/5P2/7P/PPP4P/2K1RR2 b - - 3 17,e8f8 g5h6,1208,75,98,716,mate mateIn1 middlegame oneMove,https://lichess.org/lPhlt9XF/black#34,Pirc_Defense Pirc_Defense_Byrne_Variation
0000D,5rk1/1p3ppp/pq3b2/8/8/1P1Q1N2/P4PPP/3R2K1 w - - 2 27,d3d6 f8d8 d6d8 f6d8,1579,73,96,36672,advantage endgame short,https://lichess.org/F8M8OS71#53,
000Pw,6k1/5p1p/4p3/4q3/3nN3/2Q3P1/PP3P1P/6K1 w - - 2 37,e4d2 d4e2 g1f1 e2c3,1550,75,92,626,crushing endgame fork short,https://lichess.org/au2lCK5o#73,
000Sa,2Q2bk1/5p1p/p5p1/2p3P1/2r1B3/7P/qPQ2P2/2K4R b - - 0 32,c4c2 e4c2 a2a1 c2b1,1558,76,97,1610,advantage endgame short,https://lichess.org/lTTa9lwd/black#64,
000Vc,8/8/4k1p1/2KpP2p/5PP1/8/8/8 w - - 0 53,g4h5 g6h5 f4f5 e6e5 f5f6 e5f6,1574,78,75,113,crushing endgame long pawnEndgame,https://lichess.org/l6AejDMO#105,
000aY,r4rk1/pp3ppp/2n1b3/q1pp2B1/8/P1Q2NP1/1PP1PP1P/2KR3R w - - 0 15,g5e7 a5c3 b2c3 c6e7,1414,78,75,527,advantage master middlegame short,https://lichess.org/iihZGl6t#29,Benoni_Defense Benoni_Defense_Benoni-Indian_Defense
000hf,r1bqk2r/pp1nbNp1/2p1p2p/8/2BP4/1PN3P1/P3QP1P/3R1RK1 b kq - 0 19,e8f7 e2e6 f7f8 e6f7,1582,77,92,731,mate mateIn2 middlegame short,https://lichess.org/71ygsFeE/black#38,Horwitz_Defense Horwitz_Defense_Other_variations
001Fg,2R2r1k/pQ4pp/5rp1/3B4/q2n4/7P/P4PP1/5RK1 w - - 3 30,c8c7 d4e2 g1h2 a4f4 h2h1 e2g3 f2g3 f4f1,1434,74,96,2639,advantage middlegame veryLong,https://lichess.org/y0QalMAw#59,
001m3,7r/6k1/2b1pp2/8/P1N3p1/5nP1/4RP2/Q4K2 w - - 2 38,e2e6 h8h1 f1e2 h1a1,1459,76,87,279,advantage endgame short skewer,https://lichess.org/LELOz22f#75,
002Tf,r3kbnr/ppp1qppp/2n5/3pP3/5B2/4PQ2/PPP2PPP/RN2KB1R w KQkq - 1 7,f1b5 e7b4 b1c3 b4b2,1564,75,84,179,advantage fork opening short,https://lichess.org/Zq56PwHK#13,Queens_Pawn_Game Queens_Pawn_Game_Chigorin_Variation
002VP,8/6p1/2B1bn2/6k1/3B4/6K1/4P3/8 b - - 4 44,e6d5 d4f6 g5f5 c6d5,1469,79,72,142,crushing endgame short,https://lichess.org/7yJGEbUK/black#88,
002uV,r2r2k1/1p2qppp/2n1p3/5n2/p2P4/P2Q1N2/BP3PPP/2R1R1K1 w - - 4 20,d3f5 e6f5 e1e7 c6e7,1562,76,90,80,advantage middlegame short,https://lichess.org/WKH5eIti#39,
003Tx,2r5/pR5p/5p1k/4p3/4r3/B4nPP/PP3P2/1K2R3 w - - 0 27,e1e4 f3d2 b1a1 c8c1,1516,88,83,759,backRankMate endgame fork mate mateIn2 short,https://lichess.org/A7j9VEC0#53,
003UW,8/6pk/7p/2p5/2qp4/5PP1/P3QK1P/8 b - - 1 40,c4d5 e2e4 d5e4 f3e4,1476,75,93,975,advantage endgame queenEndgame short,https://lichess.org/cXMga3rb/black#80,
004BW,r1bk2r1/ppq2pQp/3bpn2/1BpnN3/5P2/1P6/PBPP2PP/RN2K2R w KQ - 3 13,e5f7 d8e7 g7g8 f6g8,1466,79,91,1804,advantage master middlegame short,https://lichess.org/EXlG6TZs#25,Sicilian_Defense Sicilian_Defense_Modern_Variations
004zI,2q3k1/4br1p/6RQ/1p1n2p1/7P/1P4P1/1B2PP2/6K1 b - - 0 27,h7g6 h6h8,1453,80,91,379,endgame mate mateIn1 oneMove,https://lichess.org/HE33gdt4/black#54,
0054a,r1b2rk1/ppq2ppp/8/4b2Q/4R3/3B4/PP3PPP/R1B3K1 b - - 1 15,g7g6 h5e5 c7e5 e4e5,1466,77,97,6964,advantage middlegame short,https://lichess.org/kZlE1pvD/black#30,Queens_Pawn_Game Queens_Pawn_Game_Colle_System
005do,7r/pp1k4/4p1b1/3pP1Np/3P1P1K/8/P7/2R5 b - - 7 42,h8f8 c1c7 d7c7 g5e6 c7b6 e6f8,1439,98,60,47,attraction crushing deflection endgame fork long sacrifice,https://lichess.org/Q1hPi58C/black#84,
0068B,r1q3k1/4bppp/pp2pn2/4B3/8/2N2Q2/PPPR1PPP/6K1 b - - 0 18,f6d7 d2d7 c8d7 f3a8,1435,79,92,6154,crushing deflection middlegame short,https://lichess.org/LNdzAgWP/black#36,Sicilian_Defense Sicilian_Defense_Katalimov_Variation
006E1,5rk1/R4pp1/1p5p/3Q4/1PPp2q1/3P2P1/5P2/4nK2 w - - 0 34,f1e1 f8e8 e1f1 g4h3 d5g2 e8e1 f1e1 h3g2,1528,74,96,20288,crushing deflection endgame veryLong,https://lichess.org/KaLKLKD5#67,
006RM,1k1r3r/2q5/pp1n2p1/8/1Q6/3R2P1/PPP2P1P/3R2K1 b - - 4 29,c7c5 b4c5 b6c5 d3d6 d8d6 d1d6,1448,78,82,1130,crushing long middlegame,https://lichess.org/ceS0QvtT/black#58,
006wz,2r5/4ppkp/5bp1/1p6/1P6/P3B3/2r2PPP/1R1R2K1 b - - 2 22,f6b2 b1b2 c2b2 e3d4 f7f6 d4b2,1428,75,80,544,attraction crushing endgame fork long sacrifice,https://lichess.org/qT0W6o27/black#44,
00761,3r2k1/1b3pbR/p2P2P1/3p2N1/2p5/2P2N2/PP6/2K5 b - - 0 28,f7g6 h7g7 g8g7 g5e6 g7g8 e6d8,1474,76,94,21952,attraction crushing endgame exposedKing fork long sacrifice,https://lichess.org/vu70Maig/black#56,
001XA,1qr2rk1/pb2bppp/8/8/2p1N3/P1Bn2P1/2Q2PBP/1R3RK1 b - - 3 23,b8c7 b1b7 c7b7 e4f6 e7f6 g2b7,1687,75,91,1350,crushing discoveredAttack long master middlegame sacrifice,https://lichess.org/KZRiN695/black#46,
001cr,8/3B2pp/p5k1/2p3P1/1p1p1K2/8/1P6/8 b - - 0 38,c5c4 d7e8,1720,77,94,2934,bishopEndgame endgame mate mateIn1 oneMove,https://lichess.org/7FFNwibw/black#76,
001h8,2r3k1/2r4p/4p1p1/1p1q1pP1/p1bP1P1Q/P6R/5B2/2R3K1 b - - 5 34,c4e2 h4h7 c7h7 c1c8 g8g7 c8c7,1780,76,88,620,crushing deflection kingsideAttack long middlegame sacrifice,https://lichess.org/IxCahP6X/black#68,
002Hv,8/8/8/3N2p1/5b2/3p3P/5kP1/3K4 w - - 16 56,d5f4 g5f4 h3h4 f2g2 h4h5 f4f3 d1d2 f3f2,1621,86,63,28,advancedPawn crushing endgame veryLong,https://lichess.org/rLJ8Hp1v#111,
002KJ,r3kb1r/ppq2ppp/4pn2/2Ppn3/1P4bP/2P2N2/P3BPP1/RNBQ1RK1 b kq - 2 10,f8e7 f3e5 c7e5 e2g4,1615,78,90,1729,crushing discoveredAttack middlegame short,https://lichess.org/2NpTzh7O/black#20,Caro-Kann_Defense Caro-Kann_Defense_Advance_Variation
002Ua,r4rk1/pp3ppp/3p1q2/P1P1p3/2B5/2B2n2/2P2P1P/R2Q1RK1 w - - 0 16,g1h1 f6f4 d1f3 f4f3,1618,76,94,8358,crushing kingsideAttack middlegame short,https://lichess.org/06i3eMVp#31,Sicilian_Defense Sicilian_Defense_Lowenthal_Variation
002Uy,8/8/1p6/k7/P1R5/1K5r/8/8 w - - 26 64,c4c3 h3c3 b3c3 a5a4 c3b2 a4b4,1643,74,97,6244,crushing defensiveMove endgame long rookEndgame,https://lichess.org/sLU7YN1A#127,
002rd,r6k/q1pb1p1p/1b3Pr1/p1ppP2Q/3P2p1/4B3/PP2NRPP/3R2K1 b - - 1 25,d7e6 e2f4 c5d4 f4g6 f7g6 h5h6,1795,74,79,129,crushing kingsideAttack long middlegame pin,https://lichess.org/NcD6lul8/black#50,
003IX,8/3pk3/R7/1R2Pp1p/2PPnKr1/8/8/8 w - - 4 43,f4f5 e4g3,1696,84,89,2149,endgame mate mateIn1 oneMove,https://lichess.org/576Btq56#85,
003if,8/3q1kpp/1P2p3/4Q3/5P2/4B2P/2r3PK/8 b - - 0 43,d7b7 e5h5 f7e7 e3c5 c2c5 h5c5,1681,96,64,26,advantage endgame long,https://lichess.org/mYGtlm6w/black#86,
0047P,8/1N3k2/6p1/8/2P3P1/pr6/R5K1/8 w - - 1 56,g2f1 b3b1 f1e2 b1b2 e2d1 b2a2,1766,75,86,94,crushing endgame exposedKing fork long master,https://lichess.org/Gb33KZKC#111,
004Ao,4qk2/1b3rR1/p7/1p2Q3/4P2P/P2P3K/2r5/3R4 w - - 5 41,g7f7 e8f7 e5h8 f8e7,1711,96,86,26,advantage endgame short,https://lichess.org/aFlzjb1K#81,
004RF,5rk1/5ppp/1p6/1qp2P1Q/3p3P/6R1/6PK/8 b - - 0 30,c5c4 g3g7 g8g7 f5f6 g7f6 h5b5,1746,78,82,55,attraction crushing discoveredAttack endgame long sacrifice,https://lichess.org/2UeWcE4h/black#60,
004Ud,r1bqk2r/p3Bppp/3p4/1ppn4/4P3/4Q3/PPP2PPP/2KR1B1R b kq - 0 11,d5e7 f1b5 c8d7 d1d6 d7b5 d6d8,1674,76,94,3260,advantage interference long middlegame,https://lichess.org/pJ7nXTvE/black#22,Three_Knights_Opening Three_Knights_Opening_Other_variations
004d8,8/4kr2/R2p4/1p1Pp1p1/5p2/3K1P2/PPP5/8 b - - 0 39,g5g4 a6a7 e7f6 a7f7 f6f7 f3g4,1608,78,87,104,crushing endgame long rookEndgame,https://lichess.org/FrR3BHbW/black#78,
005HG,r2q1rk1/p1p2pp1/3bbn1p/4N3/2Q5/1P4P1/PB1PPP1P/RN2K2R w KQ - 1 12,c4c2 d6e5 b2e5 d8d5 f2f3 d5e5,1772,75,88,699,advantage clearance fork long opening,https://lichess.org/JTymzeq9#23,English_Opening English_Opening_Kings_English_Variation
005gP,8/8/3p4/2kP4/1p4P1/2pK4/P7/8 w - - 1 42,g4g5 c5d5 g5g6 d5e6 g6g7 e6f7 a2a4 b4a3 g7g8r f7g8,1640,75,100,160,crushing enPassant endgame pawnEndgame veryLong,https://lichess.org/I76OvKQT#83,
006fF,r1b4r/pp1k2pp/2nb2q1/1B1p2B1/3p3Q/8/PPP2PPP/3RR1K1 b - - 5 17,h7h6 h4g4 d7c7 g5d8 h8d8 g4g6,1752,75,96,7423,advantage discoveredAttack exposedKing long middlegame,https://lichess.org/mAf9SSin/black#34,Italian_Game Italian_Game_Two_Knights_Defense
006i7,r4rk1/3nqpp1/2p1bn1p/3pN3/1p1P4/2NQP2P/1PB2PP1/R4RK1 w - - 0 18,e5c6 e7d6 a1a8 f8a8 c6b4 d6b4,1769,87,82,62,advantage long middlegame,https://lichess.org/77CYKPKY#35,Queens_Gambit_Declined Queens_Gambit_Declined_Other_variations
006pe,r4r2/2q1NN2/4bQpk/2n4p/pp5P/8/1PP2PP1/2KR3R b - - 0 28,e6f7 e7f5 h6h7 f6g7,1657,75,96,4798,master mate mateIn2 middlegame pin short,https://lichess.org/gkSEAS27/black#56,
00734,rn3bk1/2rqp2p/2p3p1/3p1p2/3P1P1B/pP1BP3/P1Q2PRP/1KR5 b - - 0 26,b8a6 d3f5 e7e6 f5g6,1692,74,89,128,crushing middlegame pin short,https://lichess.org/jM0Jnw0u/black#52,
007AS,r3kb1r/3nnpp1/4p1bp/1NppP3/3P4/6N1/P2BBPPP/R3K2R b KQkq - 0 17,a8b8 b5d6 e8d8 d2a5,1601,79,88,45,crushing master middlegame short,https://lichess.org/Nfuw1Dug/black#34,Caro-Kann_Defense Caro-Kann_Defense_Advance_Variation
00008,r6k/pp2r2p/4Rp1Q/3p4/8/1N1P2R1/PqP2bPP/7K b - - 0 24,f2g3 e6e7 b2b1 b3c1 b1c1 h6c1,1862,76,95,9697,crushing hangingPiece long middlegame,https://lichess.org/787zsVup/black#48,
000mr,5r1k/5rp1/p7/1b2B2p/1P1P1Pq1/2R1Q3/P3p1P1/2R3K1 w - - 0 41,e3g3 f7f4 e5f4 f8f4,1957,84,62,111,crushing middlegame short,https://lichess.org/8sVpuwso#81,
00143,r2q1rk1/5ppp/1np5/p1b5/2p1B3/P7/1P3PPP/R1BQ1RK1 b - - 1 17,d8f6 d1h5 h7h6 h5c5,1836,77,91,2927,advantage middlegame short,https://lichess.org/jcuxlI63/black#34,Scotch_Game Scotch_Game_Mieses_Variation
0018P,5R2/1p6/p1p5/2P1rk2/2K3p1/2P1p1P1/1P5P/8 b - - 1 44,f5e6 f8e8 e6f5 e8e5 f5e5 c4d3 e5d5 d3e3 a6a5 e3f4 d5c4 f4g4,1927,76,91,237,crushing endgame exposedKing rookEndgame veryLong,https://lichess.org/Xg1Gtfjr/black#88,
001kG,rnbq3r/1p2bkpp/p4n2/8/2pNP3/2N5/PPP3PP/R1BQ1RK1 b - - 1 11,e7c5 d1h5 f7g8 h5c5,1885,77,93,1035,advantage opening pin short,https://lichess.org/xXAEaVto/black#22,Sicilian_Defense Sicilian_Defense_Najdorf_Variation
001uD,6k1/1p3pp1/1p5p/2r1p3/2n5/r3PN2/2RnNPPP/2R3K1 b - - 1 32,f7f6 f3d2 c4d2 c2d2 c5c1 e2c1,1916,76,92,973,advantage long middlegame,https://lichess.org/2qkVLUl6/black#64,
001xO,k1r1b3/p1r1nppp/1p1qpn2/2Np4/1P1P4/PQRBPN2/5PPP/2R3K1 w - - 0 19,d3a6 b6c5 a6c8 c5c4,1856,75,91,1379,crushing master masterVsMaster middlegame sacrifice short,https://lichess.org/fNCePFgY#37,Slav_Defense Slav_Defense_Other_variations
002Ds,8/1pp5/p2p4/P2Pk2p/1PP1p2P/2n1K2P/3N4/8 b - - 0 45,b7b6 b4b5 c3d1 e3e2 a6b5 a5a6,1992,76,90,116,crushing endgame knightEndgame long,https://lichess.org/2SrvOtZN/black#90,
003aS,8/8/5k1p/6p1/1R4PP/1p2KP2/8/1r6 w - - 0 43,h4h5 b3b2 b4b6 f6e5 f3f4 g5f4,1924,77,93,231,advancedPawn crushing defensiveMove endgame long rookEndgame,https://lichess.org/I7ZktFeR#85,
003wQ,2r2rk1/6pp/3Q1q2/8/3N1B2/6P1/PP1K3P/R4b2 w - - 0 24,a1f1 f6d6 f4d6 f8f1,1814,79,92,2040,advantage discoveredAttack middlegame pin short,https://lichess.org/W3wvnzlo#47,
005YX,2rr4/2N2pk1/p1Q1b1pp/1p4q1/3pP3/1B1P4/PPP3PP/6RK w - - 7 25,c7e6 f7e6 c6b7 g7h8,1964,130,100,35,defensiveMove equality middlegame short,https://lichess.org/zbi5w5Qy#49,
005f3,r5k1/2p1pp2/pp4p1/1q1r4/5P2/2QP2R1/PP6/1K4R1 b - - 0 32,d5h5 g3g6 f7g6 g1g6 g8f7 c3g7 f7e8 g7g8 e8d7 g8e6 d7d8 g6g8,1954,74,95,15676,crushing endgame sacrifice veryLong,https://lichess.org/Prb24UzR/black#64,
005wy,1r6/pp2kpp1/2n1p1n1/3p2PQ/5P2/2PqP3/PP1N4/2KR3R w - - 3 27,h5h7 c6b4 c3b4 b8c8 d2c4 c8c4,1936,76,94,6731,long mate mateIn3 middlegame queensideAttack sacrifice,https://lichess.org/mBQMheB4#53,
005xu,8/3k4/1K1P4/2P3r1/R7/5b2/8/8 b - - 0 68,g5g8 a4a7 d7e6 a7e7 e6d5 d6d7,1914,86,84,36,advancedPawn crushing endgame exposedKing long,https://lichess.org/TDu28XvE/black#136,
0068D,7r/pppk4/2pb1r2/8/2NP2p1/2P5/PP2RPP1/4R1K1 w - - 2 26,c4d6 f6h6 f2f4 g4g3 e2e7 d7d6 g1f1 h6h1,1949,77,92,729,crushing endgame veryLong,https://lichess.org/WNAZgV2o#51,
006om,1r3k2/5p1p/2p1pp2/P2n4/2r1N3/P4PK1/2R2P1P/2R5 b - - 9 29,c4a4 e4c5 a4a5 c5d7 f8g7 d7b8,1932,74,95,8631,crushing endgame fork long master,https://lichess.org/BMIgw1OR/black#58,
00798,6K1/4k3/4P3/6pp/6rP/4R1P1/8/8 w - - 0 60,g8g7 g5h4 g7h6 h4g3,1934,76,88,547,crushing discoveredAttack endgame rookEndgame short,https://lichess.org/4DOjQjiM#119,
007en,rn3rk1/4pp1p/3p2pB/2q4P/3bP1b1/Pp2Q3/1P2B3/1K1R2NR w - - 0 20,e3d4 c5c2 b1a1 a8a3 b2a3 c2a2,1852,75,96,3488,long mate mateIn3 middlegame queensideAttack sacrifice,https://lichess.org/jzE2yKAk#39,
008lc,7k/pb1qn2n/1p2R2Q/2p2p2/2Pp4/3B4/PP3PrP/4RK2 b - - 1 27,g2g7 h6g7 h8g7 e6e7 d7e7 e1e7,1973,76,93,2211,attraction crushing exposedKing fork long middlegame,https://lichess.org/UdZXrVA5/black#54,
008qL,r7/6pk/p2p4/2p1p1qp/1pP1PrP1/1P1Q1P1P/1P4K1/R4R2 w - - 0 25,d3d6 a8d8 d6d8 g5d8,1894,75,96,344,advantage endgame short,https://lichess.org/TUrSVmLC#49,
0095W,8/pp1r2kp/q2P1ppb/4p3/2N1P3/1Q5P/PPR2PP1/6K1 w - - 3 32,c4e5 f6e5 c2c7 a6d6,1837,76,93,2480,advantage endgame hangingPiece short,https://lichess.org/CaL8Bl7F#63,
009XT,rn1qk2r/pp3ppp/3bp1b1/3p4/3Pn2N/3BB3/PPP2PPP/RN1Q1RK1 w kq - 4 10,h4g6 d6h2 g1h1 h7g6,1853,73,93,16126,crushing intermezzo opening short,https://lichess.org/bf23N8Ng#19,Caro-Kann_Defense Caro-Kann_Defense_Exchange_Variation
000h0,5rk1/p5p1/3bpr1p/1Pp4q/3pR3/1P1Q1N2/P4PPP/4R1K1 w - - 4 22,e4e6 f6f3 g2f3 h5h2 g1f1 h2h3 f1e2 h3e6,2066,77,89,193,advantage interference kingsideAttack middlegame veryLong,https://lichess.org/OWe6M5dF#43,
000jr,5k2/1p4pp/p5n1/5Q2/3BpP2/1P2PP1K/P1q4P/7r b - - 1 33,f8g8 f5d5 g8f8 d4c5 c2c5 d5c5,2152,77,69,91,crushing endgame long,https://lichess.org/JgxFj109/black#66,
000qP,8/7R/8/5p2/4bk1P/8/2r2K2/6R1 w - - 7 51,f2f1 f4f3 f1e1 c2c1 e1d2 c1g1,2148,76,93,1524,crushing endgame exposedKing long skewer,https://lichess.org/r4xUR6fC#101,
001Oo,6k1/4p1bp/6p1/1p1pP3/1PpPp3/2P1P3/Q2B1KPP/3q4 b - - 2 23,d1a4 a2a4 b5a4 b4b5 g8f7 b5b6,2078,78,84,61,crushing endgame long quietMove,https://lichess.org/8IKs77O9/black#46,
001u3,2r3k1/p1q2pp1/Q3p2p/b1Np4/2nP1P2/4P1P1/5K1P/2B1N3 b - - 3 33,c7b6 a6c8 g8h7 c8b7,2190,80,55,82,advantage hangingPiece middlegame short,https://lichess.org/BBn6ipaK/black#66,
002LF,7r/p2q1pk1/1pp3p1/8/6P1/4Q3/PP1R1P1r/5KN1 b - - 0 38,d7g4 e3e5 f7f6 e5c7 g7h6 c7h2,2133,95,91,592,advantage endgame interference long,https://lichess.org/md88dHiL/black#76,
002xh,2nk4/8/2PBp1n1/1pK1P1p1/1P4P1/8/8/8 b - - 2 42,g6h4 c5b5 h4g2 b5a6 g2e3 a6b7,2065,96,54,34,crushing endgame long,https://lichess.org/TfRvsd3p/black#84,
003cs,2r1kbnr/pp4pp/4p3/3pP1N1/3q4/1P2B3/P3Q1PP/nN3RK1 b k - 1 16,d4e5 f1f8 e8f8 e3c5 c8c5 e2e5 c5c1 g1f2,2110,82,76,96,advantage attraction discoveredAttack exposedKing middlegame sacrifice veryLong,https://lichess.org/PmRTKflq/black#32,Caro-Kann_Defense Caro-Kann_Defense_Advance_Variation
003md,r1b1k2N/ppp3pp/2n5/2bp4/7q/1B4n1/PPPP1P1P/RNBQ1RK1 w q - 0 10,f1e1 g3e4 e1e4 d5e4 d1h5 h4h5 b3f7 h5f7,2171,77,85,215,crushing defensiveMove middlegame veryLong,https://lichess.org/ALtR2fxT#19,Russian_Game Russian_Game_Italian_Variation
004Ax,8/8/4R1kp/p7/5rPK/8/7P/8 b - - 2 42,g6f7 e6h6 f4f6 h6h7 f7g6 h7a7,2061,79,92,646,crushing endgame exposedKing long rookEndgame,https://lichess.org/x2mMwVJD/black#84,
004sY,8/2k3n1/3p2p1/1KpP2Pp/2P4P/7B/8/8 w - - 0 57,b5a6 c7d8 a6b5 g7f5,2191,95,68,33,crushing endgame short,https://lichess.org/sMrTPfXp#113,
0055Y,r1b2rk1/p3pp2/2B4b/2Qpq3/3N2pp/4P3/2P2PPP/1R2K2R b K - 1 23,h6e3 f2e3 e5e3 e1d1,2055,76,80,149,advantage defensiveMove middlegame short,https://lichess.org/7Jpwzowt/black#46,
006ia,1r4k1/4bpp1/1rp2n1p/3p4/3P4/2N1B1P1/Pq2QPKP/2R1R3 w - - 3 24,e3h6 b2e2 e1e2 e7a3 h6e3 a3c1,2073,136,68,9,advantage long middlegame,https://lichess.org/fcKXrUhC#47,
007gO,2r3rk/5p2/4p2p/4q3/1Q6/8/1P3PPP/R4RK1 w - - 0 31,a1c1 e5g5 g2g3 c8c1,2197,85,76,48,crushing endgame short,https://lichess.org/id1brvZc#61,
008LT,r4rk1/6p1/b3p1nN/p1pp4/1p3P1q/3P1Q1B/PPP2PK1/R6R b - - 0 26,g8h8 h6f7 f8f7 h3e6,2197,81,90,1369,crushing kingsideAttack middlegame pin sacrifice short,https://lichess.org/vnxisKeU/black#52,
008Sk,8/6pp/3Bp2k/p2pP2P/P2bp1PK/8/r7/5R2 b - - 2 37,d4f2 f1f2 g7g5 h4g3 a2f2 g3f2,2007,79,94,14599,crushing endgame long,https://lichess.org/rah6MiKa/black#74,
008nF,2rq1rk1/7p/1n4pb/1R2p3/pPpP1P2/P1B5/3NQ1PP/2R3K1 w - - 0 31,e2e5 f8e8 e5e8 d8e8,2158,81,90,826,crushing master middlegame short trappedPiece,https://lichess.org/tYO5rrIU#61,
0091A,1r3rk1/q4ppp/p3Pb2/3nN3/P2P4/7Q/1B4PP/1R3RK1 b - - 0 24,b8b2 e6f7 f8f7 h3c8 f7f8 c8e6,2167,75,93,1126,advancedPawn advantage kingsideAttack long middlegame,https://lichess.org/XYVC46Km/black#48,
00A1H,2r3k1/4brp1/2p3b1/2Pp1q1p/3B3P/2P2N2/PP3P1K/R2Q2R1 w - - 1 31,f3g5 f5f4 h2g2 e7g5,2041,84,82,204,crushing middlegame short,https://lichess.org/GeoPB5fa#61,
00AXb,5kr1/pp3p1p/1q2pBb1/1B1p4/P7/5P2/1P4rP/2Q1K2R b K - 0 21,g2g1 h1g1 b6g1 b5f1 g6c2 c1f4,2161,124,82,24,advantage defensiveMove long middlegame,https://lichess.org/4i5kxYT5/black#42,
00C3O,r2qkbnr/pp4pp/2p2p2/4n2b/2B1P3/2N2N2/PPP3PP/R1BQ1RK1 w kq - 0 10,d1e2 h5f3 g2f3 d8d4,2037,80,92,1648,crushing kingsideAttack opening short,https://lichess.org/F4Vo1eZG#19,Kings_Gambit Kings_Gambit_Other_variations
00DKr,3r1k2/2p1R3/p2p2n1/1p6/1P1P2Q1/7P/5qPK/3R4 w - - 2 42,d1e1 g6e7 e1e4 f8e8,2091,79,91,950,advantage defensiveMove endgame short,https://lichess.org/mYdqj7UD#83,
001Hi,6k1/pp1r1pp1/1qp1p2p/4P2P/5Q2/1P4R1/P1Pr1PP1/R5K1 b - - 4 23,b6d4 f4f6 d4f2 f6f2 d2f2 g1f2,2391,115,66,32,advantage endgame long pin,https://lichess.org/tUkE0z1z/black#46,
001aK,6k1/5p2/4p3/P1B5/2P4P/4Pnp1/Rb1rN3/5K2 b - - 1 33,d2e2 f1e2 g3g2 e3e4 f3d4 e2f2,2205,81,94,650,crushing endgame hangingPiece long quietMove,https://lichess.org/Epr0AiEh/black#66,
002mG,5r1k/B1p3pp/2Qb1p2/3Pq3/P6P/8/2P3K1/3R1R2 w - - 1 36,g2f2 f8e8 c6e8 e5e8,2370,81,88,203,advantage middlegame quietMove short,https://lichess.org/age2hanq#71,
00347,8/2p5/8/2pPk2p/8/4K2P/6P1/8 w - - 1 42,e3d3 h5h4 d3c4 e5d6,2264,75,87,123,crushing endgame pawnEndgame quietMove short,https://lichess.org/xFM0YP9S#83,
003Ec,3r4/p4R2/1pb2Pp1/n1p1Q1kp/8/P2q4/1P4PP/6RK b - - 2 32,d3f5 e5e3 f5f4 h2h4 g5f5 e3h3,2245,76,89,307,crushing long middlegame pin,https://lichess.org/qnd2dxXz/black#64,
004Op,2kr2r1/1bp4n/1pq1p2p/p1P5/1P3B2/P6P/5RP1/RB2Q1K1 w - - 3 26,e1f1 d8d1 f1d1 g8g2 g1f1 g2g1 f1e2 g1d1,2241,76,92,2384,crushing deflection kingsideAttack middlegame pin sacrifice skewer veryLong,https://lichess.org/tneg9Bzk#51,
004Ys,r4rk1/3q1pbp/p1n1p1p1/2p3NP/1p3B2/3P3Q/PPP3P1/R3R1K1 b - - 2 19,d7d4 f4e3 d4f6 e1f1 f6e5 h5g6 e5e3 h3e3,2379,81,90,463,advantage defensiveMove middlegame veryLong,https://lichess.org/LcIJdugn/black#38,Sicilian_Defense Sicilian_Defense_McDonnell_Attack
004b0,5kB1/4b3/4P3/2p2P2/2b5/8/p7/B6K w - - 4 48,g8f7 e7g5 f5f6 g5e3 a1e5 e3f4 e5f4 a2a1q,2368,109,47,36,advancedPawn bishopEndgame crushing deflection endgame promotion quietMove veryLong,https://lichess.org/CJKIi1QJ#95,
005qG,8/8/1p1k1p1p/3npp2/2B5/PP1K1PP1/7P/8 b - - 0 36,f5f4 c4d5 f4g3 h2g3 d6d5 g3g4,2310,85,65,56,crushing defensiveMove endgame long,https://lichess.org/RMj9gStA/black#72,
006XF,r5kr/pp1qb1p1/2p4p/3pPb1Q/3P4/2P1B3/PP4PP/R4RK1 b - - 1 17,f5e4 h5f7 g8h7 f1f6 e7f6 f7d7,2371,90,90,1928,advantage long middlegame pin,https://lichess.org/Ynra1LLE/black#34,Russian_Game Russian_Game_Italian_Variation
0072T,3q1nk1/1bN2rpp/pp1P4/1N6/4n2b/8/PPP2PPP/R1BQ1RK1 w - - 1 16,b5d4 h4f2 f1f2 e4f2,2281,79,87,517,advantage kingsideAttack master middlegame short,https://lichess.org/aqhibPRF#31,Philidor_Defense Philidor_Defense_Lion_Variation
0078T,rk5r/1b3R2/pp2p2q/4P2p/B2p3B/4R2P/PP4P1/5Q1K b - - 0 27,d4e3 f7b7 b8b7 f1f7 b7b8 h4e7,2248,80,81,87,attraction crushing defensiveMove exposedKing long middlegame queensideAttack sacrifice,https://lichess.org/mXf4gFYU/black#54,
008EC,6k1/4rpp1/p6p/7P/q1pP1R2/2Pb2Q1/P4RP1/6K1 w - - 9 31,f4f7 e7f7 g3b8 g8h7 f2f7 a4d1 g1f2 d1f1 f2g3 f1f7,2243,88,91,419,advantage endgame skewer veryLong,https://lichess.org/q5CqLXP5#61,
0092V,r2qk1nr/ppp3pp/2n5/1B1pp3/1b1P4/5Q1P/PP1B1PP1/RN2K2R b KQkq - 3 11,e5e4 b5c6 b7c6 f3h5 g7g6 h5e5,2250,81,85,1245,crushing exposedKing long opening,https://lichess.org/bW5LiCa5/black#22,Ponziani_Opening Ponziani_Opening_Other_variations
00Ac7,8/2p1pk1p/Pp4p1/8/p1P2P2/3r2P1/3PR2P/3K4 b - - 1 33,a4a3 a6a7 d3d8 e2e3 a3a2 e3a3,2295,77,93,2649,advancedPawn advantage endgame long rookEndgame,https://lichess.org/SIcsTksL/black#66,
00Aok,5rk1/Q2B1p1p/4p1p1/3p4/3N2b1/2q5/Pr3RPP/5RK1 w - - 0 23,f2f7 c3e3 g1h1 f8f7 a7a8 g8g7 f1f7 g7f7 a8e8 f7f6,2236,95,51,29,crushing intermezzo middlegame veryLong,https://lichess.org/kVjMAqKr#45,
00BZ6,1r1r1bk1/3n1p1p/1qp3p1/2N1p3/PpQ1P3/4BP2/4N1PP/1R3RK1 w - - 0 24,f1c1 f8c5 e3c5 d7c5,2377,77,93,482,advantage master middlegame short,https://lichess.org/whBlSZL2#47,
00Bpq,7k/pb1r2p1/1pq2n1p/2p1RP2/2P5/1NP3BP/P7/2Q2BK1 w - - 1 37,c1e3 c6h1 g1f2 d7d1 b3d2 d1d2,2222,94,88,38,advantage kingsideAttack long middlegame,https://lichess.org/NgovIYPX#73,
00D12,8/6pp/8/3kP3/1p1P2P1/rPpK3P/4R3/8 b - - 1 39,a3b3 e5e6 c3c2 d3c2 b3c3 c2d2,2269,87,90,1280,crushing endgame long rookEndgame,https://lichess.org/iC0vC5to/black#78,
00DZe,8/5k2/7p/p1P1bPpP/Pp2P3/1P1pBK2/8/8 w - - 1 47,e3f2 g5g4 f3e3 e5d4 e3d3 d4f2,2268,75,93,5891,bishopEndgame crushing deflection endgame long master skewer,https://lichess.org/MVHl8Zy9#93,
00E4Z,1r4k1/p4p1p/6p1/3rb3/K7/2PpB3/1P1R1PPP/7R w - - 1 25,h1d1 d5d6 b2b4 e5c3 e3c5 d6a6,2290,81,84,164,advantage endgame long master masterVsMaster quietMove,https://lichess.org/YRE2uOtG#49,
00EJb,6k1/5pp1/2R1p2p/8/P1B5/1P4P1/1q3Q1P/3r2K1 w - - 1 35,g1g2 d1d2 c6c8 g8h7 c4d3 f7f5 c8c2 d2f2,2288,81,87,450,advantage endgame pin veryLong,https://lichess.org/ki9WEgCM#69,
0018S,2kr3r/pp3p2/4p2p/1N1p2p1/3Q4/1P1P4/2q2PPP/5RK1 b - - 1 20,b7b6 d4a1 a7a5 f1c1,2585,119,90,1855,advantage endgame pin short,https://lichess.org/H1ARO2GL/black#40,
002LW,3r1rk1/1b1n1pp1/3p4/p4PPQ/4P3/3q1BN1/8/2R2RK1 b - - 1 28,d7e5 f5f6 e5f3 f1f3,2464,88,78,115,advantage middlegame short,https://lichess.org/0khwj5dv/black#56,
002e8,r3nrk1/1b3pp1/4pb2/p3q3/1p1N4/3B2R1/PPPQN2P/1K4R1 b - - 1 23,a8d8 d2h6 g7g6 g3h3,2459,82,93,477,crushing defensiveMove master middlegame pin short,https://lichess.org/ygzu5djr/black#46,
004sg,6k1/p3b2p/1p1pP3/2p3P1/1Pnp3B/P6P/3Q3K/8 w - - 0 38,b4c5 c4d2 c5c6 d6d5 g5g6 e7d6,2404,89,90,1376,advantage clearance endgame hangingPiece long quietMove,https://lichess.org/pSRIvt7K#75,
005YM,5k2/p4pp1/1qn3r1/3pP2p/5P2/1NPQ4/Pr3RPP/R5K1 w - - 5 24,b3d4 b2f2 g1f2 c6d4 d3d4 b6b2,2429,104,90,261,advantage long middlegame,https://lichess.org/fDmK2ipV#47,
005ws,8/8/5pp1/3K3p/3N2kP/8/8/8 w - - 2 62,d5e6 g6g5 h4g5 f6g5 e6d5 h5h4 d5e4 h4h3 d4f3 g4g3,2495,78,93,2356,crushing endgame knightEndgame master masterVsMaster quietMove veryLong,https://lichess.org/LOwACSXb#123,
006NL,1r6/k2qn1b1/p1b1p1p1/2PpPpN1/2nN1P1P/p4B2/1PP2Q2/1K1R3R w - - 0 32,d4c6 e7c6 b2b3 a3a2 b1a1 c4e5 f4e5 g7e5 a1a2 b8b5,2545,89,86,125,advancedPawn advantage middlegame pin veryLong,https://lichess.org/yA3M5Q6W#63,
00APl,3b1k2/1p4r1/p3qp1Q/8/8/3B1bP1/PP3P1P/2R3K1 b - - 0 29,d8b6 d3c4 f3d5 c4d5 e6d5 h6f6,2401,78,89,260,advantage long middlegame,https://lichess.org/daJYZiK5/black#58,
00BKa,5rk1/p1Rb1ppp/2n1pn2/8/8/2P3P1/q4PBP/1rNQK2R b K - 2 16,f8c8 c7c8 d7c8 c1a2 b1d1 e1d1,2450,90,90,1512,advantage long middlegame,https://lichess.org/0bBHtpd4/black#32,French_Defense French_Defense_Winawer_Variation
00CNA,rnbq1r2/pp1n2bk/3pB1p1/4P1N1/5P2/2p5/PPP3P1/R1BQK3 b Q - 1 13,h7h8 d1d3 d8g5 f4g5,2533,88,92,839,crushing opening short,https://lichess.org/FSuTnQiL/black#26,Pirc_Defense Pirc_Defense_Austrian_Attack
00CbV,2r3k1/5p2/p3p1nQ/3pPP2/2qN4/2b3BP/7K/4R3 b - - 0 33,c3e1 f5f6 e1g3 h2g3 c4d3 d4f3 d3f3 g3f3 g6h4 h6h4,2439,80,92,1140,crushing middlegame veryLong,https://lichess.org/B294fXRo/black#66,
00DzI,8/2p5/2P2k1p/2pKp3/3p2P1/3B1p2/7P/8 w - - 0 42,d5c5 f6g5 c5d5 g5f4 h2h4 f4e3,2590,90,85,58,bishopEndgame crushing endgame long,https://lichess.org/5cjWO8nE#83,
00EUu,8/5P1P/1p4K1/8/6P1/8/2p5/k6r b - - 0 62,h1h6 g6h6 c2c1q g4g5 c1c6 h6g7,2502,101,91,3443,crushing defensiveMove endgame long,https://lichess.org/u5HjwjcV/black#124,
00FGc,1r4k1/5p2/2q3bp/4R3/p1r5/P1N5/1PP1Q2P/1KR5 w - - 2 33,b1a2 c4c3 b2c3 f7f6,2438,84,86,137,advantage middlegame sacrifice short,https://lichess.org/N39SSpf9#65,
00FOM,8/5k2/8/3pPPB1/1p4K1/1b6/8/8 b - - 0 45,b3d1 g4h4 d1a4 e5e6,2594,90,72,170,bishopEndgame crushing defensiveMove endgame short,https://lichess.org/9wp9pR0Q/black#90,
00GHw,r1bq1r2/1p4kp/4p1p1/1NpPp1P1/2P1P3/pPQ4B/P4n2/2KR3R b - - 1 21,f2h1 c3e5 g7g8 d5e6 d8e7 d1h1 e7g7 e5g7,2496,115,90,461,advantage middlegame veryLong,https://lichess.org/VU9ATvfr/black#42,
00GuG,2R5/7p/1K4k1/8/5p2/5n2/8/8 w - - 0 63,c8c6 g6f5 b6c5 h7h5,2472,94,91,1544,advantage defensiveMove endgame master short,https://lichess.org/6xU6SaA2#125,
00H5n,8/5Rpk/3p3p/p1qPp3/P3n3/5N1P/1Q3PPK/2r5 b - - 0 35,e4f2 b2b7 c1h1 h2g3 f2e4 g3g4 e4f6 f7f6 c5b4 b7b4,2555,84,91,548,advantage endgame pin quietMove veryLong,https://lichess.org/84oSZ8O3/black#70,
00KNB,2rr2k1/5p2/4p2p/4N1pQ/1p3P2/4P3/np3P1P/2q2BRK b - - 1 32,c8c7 h5h6 b2b1q h6g5,2499,108,87,531,crushing kingsideAttack master middlegame pin short,https://lichess.org/Ri0duT8T/black#64,
00L53,3q2k1/Qp4pp/3r4/P7/8/1P6/3p1PPP/3R2K1 w - - 0 35,a7b7 d6e6 b7b4 d8d4 b4b8 g8f7 b8b7 f7g6 g2g3 e6e1,2536,89,79,31,clearance crushing defensiveMove endgame quietMove veryLong,https://lichess.org/nSpAg1ZO#69,
00LRv,5r1k/7p/p2pB3/3Pb1p1/4p2q/1P2B3/P1Q2P2/2R3K1 w - - 0 31,f2f4 h4g3 g1h1 g3f3 c2g2 f3e3,2411,93,70,70,crushing exposedKing fork long middlegame,https://lichess.org/AebpnUup#61,
00Mei,8/6rk/6p1/1R3b1p/2pQ1P2/2P3P1/qP4PK/8 b - - 0 36,f5d3 d4d8 a2a7 b5b8 a7b8 d8b8,2591,86,83,216,advantage endgame long master quietMove,https://lichess.org/xvCSyLc3/black#72,
002e5,r2q4/pp1n1kbp/3P2b1/6N1/6Q1/P3P3/6P1/4K2R b K - 1 21,f7g8 g4c4 g8h8 h1h7 g6h7 g5f7,2632,78,85,387,crushing long middlegame sacrifice,https://lichess.org/qaapuG48/black#42,
004zh,4b1k1/4Pr2/3R2pp/1ppBP1q1/8/PP4P1/2P4P/3R3K b - - 2 38,g5h5 d1f1 g8g7 d5f7 e8f7 d6d8 h5e5 f1f7 g7f7 e7e8q e5e8 d8e8,2624,95,70,117,advancedPawn attraction crushing endgame exposedKing intermezzo pin promotion quietMove veryLong,https://lichess.org/sYeKSrqj/black#76,
005jR,8/5p1k/1P4pp/3Qn3/4BP2/6P1/1p2P2P/2q3K1 w - - 1 34,g1f2 b2b1q e4b1 e5g4 f2f3 c1h1,2783,116,90,285,advancedPawn crushing endgame long promotion,https://lichess.org/ltr8kYV9#67,
006of,r2qr2k/1pp2pp1/1b4np/pP2P3/P4n2/BQN2N1P/5PP1/R3R1K1 w - - 3 20,b3f7 d8d3 c3e2 f4e2 e1e2 d3e2,2651,114,89,978,advantage kingsideAttack long middlegame,https://lichess.org/MIdWd89x#39,
00Aul,4r3/1p3R1p/1pb2R1B/7k/6P1/8/r6P/6K1 b - - 0 33,h5g4 f7g7 g4h4 h6d2 e8e1 d2e1,2640,106,88,545,crushing endgame long quietMove,https://lichess.org/WWumMDnF/black#66,
00IKw,3r2k1/pp1P1p1p/6p1/2R1P2r/3Q1P2/6Pq/7P/3R2K1 w - - 1 33,d4d2 d8d7 d2d7 h3h2 g1f1 h2g3 d7d8 g8g7 d8f6 g7h6 f6g5 h5g5,2702,104,91,196,advantage deflection endgame sacrifice veryLong,https://lichess.org/R6IG9d87#65,
00Kip,8/6pp/8/3k4/2p2PPP/2K5/8/8 w - - 1 50,f4f5 d5e5 h4h5 h7h6 g4g5 h6g5,2629,93,93,273,crushing endgame long pawnEndgame quietMove,https://lichess.org/hcNxh7C3#99,
00Ns0,r2qr1k1/pn1p2pp/bp3p2/2p1N3/2P5/1PB3Q1/P1P3PP/R4RK1 w - - 0 18,f1f6 d8f6 a1f1 f6h6 e5g4 h6g6 c3g7 e8e4 g4f6 g8g7,2610,105,84,71,advantage hangingPiece intermezzo middlegame veryLong,https://lichess.org/ZyKw24YE#35,Bishops_Opening Bishops_Opening_Vienna_Hybrid
00Oyf,8/1p6/7p/3k1pp1/1P5P/3K1P2/6P1/8 w - - 0 39,h4g5 h6g5 d3c3 d5e5 c3c4 e5f4 c4c5 f4g3,2694,89,83,193,crushing endgame pawnEndgame veryLong zugzwang,https://lichess.org/eysZBqWU#77,
00S6g,r6r/p3kpbp/2Q1pnp1/q7/P2P1P2/1PP5/6PP/R1B2RK1 b - - 0 16,f6d5 f4f5 g6f5 f1f5 f7f6 c1a3 e7f7 c6d7 f7g6 f5f3,2755,96,65,104,advantage middlegame veryLong,https://lichess.org/jFCmK1qh/black#32,Queens_Pawn_Game Queens_Pawn_Game_Other_variations
00SPy,4r3/5pk1/pp3p2/7q/1P3P1p/P6P/4R1P1/3Q1R1K b - - 0 34,e8e2 f4f5 g7h6 d1d8,2666,104,90,139,advantage endgame quietMove short,https://lichess.org/b7nzWOyx/black#68,
00SWh,rn5Q/ppk1np2/3B4/6N1/6b1/8/PPP1q3/2KR4 b - - 0 18,c7b6 h8d4 b6c6 d4c3 c6d7 d1e1,2773,118,88,789,crushing exposedKing long middlegame,https://lichess.org/SIKtKv2M/black#36,Kings_Gambit_Accepted Kings_Gambit_Accepted_Bishops_Gambit
00WzB,8/8/8/P1K1p3/5k1p/5b1B/5P2/8 w - - 3 46,h3f1 f3a8 c5d6 e5e4 f1g2 f4g4 a5a6 h4h3 g2h1 e4e3 h1a8 e3f2 a8f3 g4g3 a6a7 f2f1q a7a8q f1f3,2686,118,90,2351,advancedPawn bishopEndgame crushing endgame promotion quietMove veryLong,https://lichess.org/VEqrGfJg#91,
00bGq,1k3r2/ppp2r1p/1b1pQP1p/8/3P3P/2P3R1/Pq4P1/5R1K b - - 0 22,b2b5 e6f7 b5f1 h1h2 f8c8 f7e6,2693,117,87,172,advantage long middlegame,https://lichess.org/GVwrEInE/black#44,
00iXO,r6r/pp2kB2/1bpR1p2/4p1p1/6b1/1QP3p1/PP3PP1/4R1K1 w - - 2 23,d6d2 b6f2 d2f2 h8h1 g1h1 g3f2,2620,85,95,548,advancedPawn advantage fork long middlegame sacrifice,https://lichess.org/asLbpMTy#45,
00irz,8/2r1ppk1/8/3P2pP/1Kp1Pp2/1bR5/4BP2/8 w - - 8 40,e2c4 c7c4 c3c4 b3c4 b4c4 f7f6,2780,123,87,600,crushing defensiveMove endgame long,https://lichess.org/H4eT5TpG#79,
00j8L,6R1/2q2pp1/6kp/1pr5/p2Q1P2/2P3PP/1P5K/8 b - - 4 37,f7f6 d4e4 c5f5 g8f8 c7d7 g3g4,2782,120,90,390,crushing endgame long,https://lichess.org/eAtX7oiv/black#74,
00mNT,8/2q2p1p/R2bpkp1/2p5/4pP2/3r3P/1Q4P1/R5K1 b - - 3 38,f6f5 a6a7 d3d1 a1d1,2787,114,90,675,crushing endgame short,https://lichess.org/oxSgw2VP/black#76,
00pny,3r2rk/p3b2p/2n2p2/2pnNPPq/1p1p3P/3P1Q2/PPP3B1/R1B1R1K1 b - - 0 24,h5h4 e5f7 h8g7 e1e4,2617,100,82,147,crushing fork master middlegame short,https://lichess.org/dxcSKEfa/black#48,
00qFT,8/8/2B4p/3nk1p1/P3p3/7P/8/6K1 w - - 0 41,c6d5 e5d5 g1f2 h6h5 f2e3 g5g4 h3g4 h5h4 a4a5 h4h3 a5a6 d5c6 a6a7 c6b7 a7a8r b7a8,2668,88,85,267,crushing endgame quietMove veryLong,https://lichess.org/TQpdTR2b#81,
00rjB,2r3k1/pb3qN1/1p2p2p/2b5/6n1/2Pp2B1/PPQ2PP1/1BR1R1K1 w - - 0 28,c2d2 c5f2 g3f2 f7c7 d2h6 g4h6,2660,89,100,82,advantage fork long middlegame sacrifice,https://lichess.org/g1JRNZ58#55,
00sDQ,2r2rk1/5p2/1pn1pPp1/1B1pP3/5q2/4b2R/1B4QP/R6K b - - 3 31,f4f2 g2f2 e3f2 a1f1,2617,89,70,104,advantage master middlegame short,https://lichess.org/eDAqXjpA/black#62,
000VW,r4r2/1p3pkp/p5p1/3R1N1Q/3P4/8/P1q2P2/3R2K1 b - - 3 25,g6f5 d5c5 c2e4 h5g5 g7h8 g5f6,2866,109,85,316,crushing endgame long,https://lichess.org/e9AY2m5j/black#50,
00RWr,6k1/5pp1/n3p2p/1q1pN3/8/4PB1P/Q4PPK/2r5 b - - 3 36,a6c5 a2a8 g8h7 e5f7 b5b2 a8h8 h7g6 h8g8 g6f6 f3h5,2898,115,88,611,crushing defensiveMove deflection endgame veryLong,https://lichess.org/20uXWTrv/black#72,
00hCU,r1b2r2/1p5k/3p2pp/p1PBb3/2Pp1p2/P2P2Pq/3B1P1P/1R1QR1K1 w - - 0 26,c5c6 f4g3 f2g3 f8f2 g1f2 h3h2,2844,102,85,416,attraction crushing deflection kingsideAttack long middlegame sacrifice,https://lichess.org/mc07lrmk#51,
00jdm,r3r1k1/ppp2ppN/3p4/2bq1b1Q/3p4/3B1P2/PPP4P/R1B3K1 b - - 2 22,g7g6 h7f6 g8g7 h5h4 e8h8 h4h8 a8h8 f6d5 f5d3 c2d3,2803,110,95,398,advantage fork middlegame veryLong,https://lichess.org/6snrVDus/black#44,
00jmD,8/1pp5/8/PP4p1/3k1pP1/8/1bbBB3/5K2 b - - 2 41,c2d3 e2d3 d4d3 d2e1 d3c4 a5a6 b7a6 b5a6 b2d4 e1f2,2932,96,99,205,bishopEndgame crushing endgame quietMove veryLong,https://lichess.org/KmRwxrg3/black#82,
01AU0,8/7k/4r3/pB6/P7/2Q3P1/4KP2/7q w - - 5 46,e2d3 h1d1 d3c4 e6d6,2867,109,83,401,crushing defensiveMove endgame short,https://lichess.org/oDCrsFl8#91,
01QcW,5R2/8/8/p1p5/PbP3p1/1P3pk1/8/5K2 w - - 4 44,f8b8 b4c3 b8f8 g3h3 f8f7 g4g3 f7f3 h3h2 f1e2 g3g2 f3c3 g2g1q,2876,107,83,347,advancedPawn crushing endgame promotion quietMove veryLong,https://lichess.org/UwsZhZ4i#87,
01abk,8/6pp/2p2p2/7P/1k6/p2K4/B4P2/8 w - - 1 42,d3d4 g7g5 h5g6 h7g6 d4d3 g6g5 d3c2 f6f5,2844,107,88,214,bishopEndgame crushing defensiveMove endgame quietMove veryLong,https://lichess.org/2CRW7uvj#83,
01bQH,4k3/3r2pp/3P1p2/2PK1P2/1P6/7P/8/8 b - - 2 38,e8d8 c5c6 d7a7 b4b5 a7a5 d5c4 a5a2 b5b6,2935,104,84,341,crushing endgame quietMove rookEndgame veryLong,https://lichess.org/8yfQlfqF/black#76,
01ti6,4n1k1/K5b1/1p6/7p/1P1B1PpP/P3P1P1/8/8 b - - 0 46,g7d4 e3d4 b6b5 a7b6 e8d6 b6c7,2811,103,91,1375,crushing endgame long,https://lichess.org/8qL1LjAS/black#92,
023Uk,4r1k1/7p/pR4p1/2p5/2qrppQ1/P6P/2P2PP1/1R4K1 b - - 1 33,e4e3 b6g6 g8h8 g4f5 h7g6 f5f6,2978,111,84,286,crushing endgame long sacrifice,https://lichess.org/UC1437KQ/black#66,
02BFi,8/7p/4k1p1/4B2n/p1Pp2P1/1p1K3P/1P3P2/8 w - - 0 35,g4h5 e6e5 h5g6 h7g6 h3h4 e5d6 f2f4 d6c5 f4f5 g6f5 h4h5 c5b4 d3d2 a4a3,2965,118,87,1066,crushing endgame hangingPiece veryLong,https://lichess.org/qbpzhXnP#69,
02Qq3,8/1p6/8/p5pp/Pk6/1P4PP/2K5/8 w - - 0 41,g3g4 h5h4 c2b2 b4c5 b2c3 c5d5 b3b4 a5b4,2841,107,81,162,crushing endgame pawnEndgame quietMove veryLong,https://lichess.org/12ZVsGrl#81,
02hgm,8/4r3/5pp1/5k1p/5P1R/6PK/7P/8 w - - 0 49,g3g4 h5g4 h4g4 e7h7 h3g3 h7h2 g4g6 h2h1 g3g2 f5g6 g2h1 g6f5,2836,92,95,158,crushing endgame intermezzo quietMove rookEndgame veryLong,https://lichess.org/lQb4Sp4b#97,
02yET,2r3k1/1R1n4/3B1p2/1P1Pp3/4PpPp/5PbP/6r1/1K1R4 b - - 0 43,d7c5 d6c5 c8c5 d5d6 c5c4 b7a7 c4b4 b1a1 g3f2 d6d7 f2d4 d1d4 b4d4 a7a8,2823,91,92,1259,advancedPawn crushing master middlegame quietMove sacrifice veryLong,https://lichess.org/jr2bE5B0/black#86,
03MPe,1R6/4qpkp/1P1p2p1/2pP4/1pPb1Q2/1P1B2PP/5P1K/r7 w - - 3 30,b6b7 e7e1 b8g8 g7g8 b7b8q g8g7 d3f1 a1a2 f4f7 g7f7,2918,112,87,887,crushing endgame pin veryLong,https://lichess.org/rA7KF7Yp#59,
03cYQ,6rk/2p2q2/1p4rp/2PR1b1p/P6Q/1P2p1PP/5P1N/3R2K1 w - - 0 36,h2f3 f5g4 h3g4 f7f3 d5h5 f3d1,2838,102,91,1226,advantage discoveredAttack kingsideAttack long middlegame,https://lichess.org/qotgwkFR#71,
03iyb,7r/5p2/3R1np1/2Pk4/6q1/Q7/6Pr/6K1 b - - 7 36,d5e5 a3b2 e5f4 b2f2 f4g5 f2f6 g5h6 f6h8,2801,90,92,1598,crushing endgame interference veryLong,https://lichess.org/7jfiGxoe/black#72,
04BOH,r3r1k1/pp3p1p/2p3p1/5nB1/6P1/P4Q1P/1qP5/R4R1K b - - 0 22,f5d6 a1d1 e8e6 d1d6 e6d6 f3f7 g8h8 f7e7,2881,94,89,821,crushing middlegame veryLong,https://lichess.org/p0jHij7o/black#44,
04GC9,r2r3k/1pp3Nq/2n1Q3/p2n4/8/P3PP2/1P1BB3/1R2K3 b - - 0 30,h7g7 e1f2 g7h7 d2c3 d5c3 e6f6 h7g7 b1h1 h8g8 e2c4 d8d5 f6c3,2847,106,90,2707,advantage exposedKing fork middlegame pin sacrifice veryLong,https://lichess.org/PONLZDnd/black#60,
04ixu,8/8/5kp1/3K1p1p/4p2P/4P1P1/5P2/8 b - - 0 38,g6g5 h4g5 f6g5 d5e5 g5g4 e5e6,2829,108,79,296,crushing endgame long pawnEndgame zugzwang,https://lichess.org/TXk1TSxQ/black#76,
05D4P,5k2/R7/6K1/p6P/8/8/r7/8 b - - 0 41,a5a4 a7a8 f8e7 h5h6 e7e6 a8a6,2822,109,87,304,crushing endgame long rookEndgame,https://lichess.org/aFjaSx5n/black#82,
